<?xml version="1.0" encoding="UTF-8"?>
<prefab>
    <property name="CopyAirBlocks" value="False" />
    <property name="AllowTopSoilDecorations" value="True" />
    <property name="TraderArea" value="False" />
    <property name="ExcludeDistantPOIMesh" value="False" />
    <property name="Zoning" value="ResidentialOld" />
    <property name="DistantPOIYOffset" value="0" />
    <property name="AllowedBiomes" value="burnt_forest,snow,plains,pine_forest,forest,desert,wasteland" />
    <property name="AllowedTownships" value="city,rural,town,wilderness" />
    <property name="SleeperVolumeStart" value="1, 0, 5" />
    <property name="SleeperVolumeSize" value="35, 15, 48" />
    <property name="SleeperVolumeGroup" value="S_-_Group_Football_Stadium,5,6" />
    <property name="SleeperVolumeGameStageAdjust" value="" />
    <property name="SleeperIsLootVolume" value="False" />
    <property name="EditorGroups" value="Wilderness" />
    <property name="SleeperIsBossVolume" value="False" />
    <property name="DifficultyTier" value="1" />
    <property name="QuestTags" value="clear,fetch,hidden_cache" />
    <property name="ExcludePOICulling" value="False" />
</prefab>
