<?xml version="1.0" encoding="UTF-8"?>
<prefab>
    <property name="CopyAirBlocks" value="True"/>
    <property name="AllowTopSoilDecorations" value="True"/>
    <property name="TraderArea" value="False"/>
    <property name="ExcludeDistantPOIMesh" value="False"/>
    <property name="Zoning" value="ResidentialNew,ResidentialOld"/>
    <property name="YOffset" value="-40"/>
    <property name="DistantPOIYOffset" value="0"/>
    <property name="Condition" value="New"/>
    <property name="Age" value="Normal"/>
    <property name="StaticSpawner.Size" value="64, 2, 64"/>
    <property name="AllowedBiomes" value="burnt_forest,snow,plains,pine_forest,forest,desert,wasteland"/>
    <property name="AllowedTownships" value="city,rural,town,wilderness"/>
    <property name="TraderAreaProtect" value="35, 25, 35"/>
    <property name="TraderAreaTeleportSize" value="40, 30, 40"/>
    <property name="TraderAreaTeleportCenter" value="1, 1, 1"/>
    <property name="SleeperVolumeStart" value="19,41,63#19,41,48#19,43,48#19,41,74#19,41,85#19,41,96#21,44,97#36,41,99#49,41,99#61,41,99#72,41,96#75,41,86#75,41,78#75,41,69#75,41,61#75,41,52#75,41,44#75,41,35#75,41,29#75,41,92#75,41,26#76,48,26#78,48,86#78,48,78#78,48,69#78,48,61#78,48,52#78,48,44#78,48,35#78,48,29#72,41,10#73,44,11#73,48,11#71,36,9#72,31,9#60,41,10#48,41,10#36,41,10#61,44,10#48,44,10#36,44,10#20,41,10#20,41,25#20,45,25#35,41,64#35,45,65#35,53,65#55,41,25#55,41,32#60,43,25#56,48,25#35,41,25#35,45,28#43,1,49#43,1,33#35,1,25#35,1,49#57,1,49#43,1,72#45,1,25#35,1,33#64,1,33#58,8,15#43,8,33#43,8,64#34,8,40#35,8,81#59,8,64#64,8,33#58,15,15#35,15,25#35,15,39#35,15,49#35,15,71#35,15,81#31,41,42"/>
    <property name="SleeperVolumeSize" value="13,3,11#13,3,11#12,5,26#13,11,11#13,11,11#17,5,16#14,9,13#13,11,13#11,11,13#11,11,13#15,11,16#12,5,6#12,5,8#12,5,8#12,5,8#12,5,8#12,5,8#12,5,8#12,5,6#12,10,3#12,10,3#4,3,69#9,5,6#9,5,8#9,5,9#9,5,8#9,5,9#9,5,8#9,5,8#9,5,6#15,5,15#13,5,13#13,5,13#15,6,16#15,6,16#11,3,11#12,3,11#12,3,11#11,12,10#13,12,10#12,12,10#16,10,15#11,4,19#11,5,19#16,3,32#16,5,30#16,5,30#16,3,9#16,3,18#11,6,32#15,5,32#16,3,17#16,3,28#23,3,23#23,3,22#9,3,10#16,3,24#15,3,24#23,3,23#19,3,10#10,3,55#8,3,55#12,3,18#23,3,24#23,3,24#12,3,40#24,3,15#12,3,32#8,3,55#13,3,15#30,3,15#31,3,11#37,3,23#31,3,11#35,3,15#35,3,22"/>
    <property name="SleeperVolumeGroup" value="S_Default_S,S_Default_S,S_Default_L,S_Default_L,S_Default_Med,S_Default_L,S_Default_L,S_Default_L,S_Default_XL,S_Default_L,S_Default_XL,S_Default_S,S_Default_Med,S_Default_Med,S_Default_Med,S_Default_Med,S_Default_Med,S_Default_S,S_Default_XS,S_Default_Med,S_Default_S,S_Default_Med,S_Default_XS,S_Default_S,S_Default_XS,S_Default_S,S_Default_S,S_Default_XS,S_Default_S,S_Default_S,S_Default_L,S_Default_Med,S_Default_S,S_Default_L,S_Default_L,S_Default_Med,S_Default_S,S_Default_Med,S_Default_Med,S_Default_L,S_Default_XL,S_Default_L,S_Default_XL,S_Default_Med,S_Default_XL,S_Default_L,S_Default_XL,S_Default_S,S_Default_Med,S_Default_XL,S_Default_Med,S_Default_XL,S_Default_S,S_Default_XL,S_Default_Med,S_Default_Med,S_Default_L,S_Default_Med,S_Default_XL,S_Default_Med,S_Default_XL,S_Default_XL,S_Default_S,S_Default_XL,S_Default_XL,S_Default_Med,S_Default_XL,S_Default_XL,S_Default_L,S_Default_Med,S_Default_XL,S_LootRoom_XS,S_Default_XL,S_Default_XL,S_Default_XL,S_Default_L"/>
    <property name="SleeperVolumeGameStageAdjust" value="medium,medium,medium,medium,medium,medium,medium,medium,medium,medium,medium,medium,medium,,medium,medium,medium,medium,medium,medium,medium,medium,medium,medium,medium,medium,medium,medium,medium,medium,medium,medium,medium,medium,medium,medium,medium,medium,medium,medium,medium,medium,medium,medium,medium,medium,medium,medium,medium,medium,medium,medium,medium,hard,hard,hard,hard,hard,hard,hard,hard,hard,hard,hard,hard,hard,hard,hard,hard,hard,hard,,hard,hard,hard,medium"/>
    <property name="SleeperIsLootVolume" value="True,True,True,True,True,True,True,True,True,True,True,True,True,True,True,True,True,True,True,True,True,True,True,True,True,True,True,True,True,True,True,True,True,True,True,True,True,True,True,True,True,True,True,True,True,True,True,True,True,True,True,True,True,True,True,True,True,True,True,True,True,True,True,True,True,False,True,True,True,True,True,False,True,True,True,True"/>
</prefab>
