<?xml version="1.0" encoding="UTF-8"?>
<prefab>
    <property name="CopyAirBlocks" value="False" />
    <property name="AllowTopSoilDecorations" value="True" />
    <property name="TraderArea" value="False" />
    <property name="ExcludeDistantPOIMesh" value="False" />
    <property name="Zoning" value="ResidentialNew,ResidentialOld" />
    <property name="RotationToFaceNorth" value="1" />
    <property name="DistantPOIYOffset" value="0" />
    <property name="AllowedBiomes" value="burnt_forest,snow,plains,pine_forest,forest,desert,wasteland" />
    <property name="AllowedTownships" value="city,rural,town,wilderness" />
    <property name="SleeperVolumeStart" value="9, 1, 18#5, 1, 6#18, 1, 2#9, 7, 22#9, 7, 7#10, 12, 19#9, 13, 7" />
    <property name="SleeperVolumeSize" value="17, 3, 10#13, 3, 12#8, 3, 16#17, 3, 6#17, 3, 15#5, 3, 9#17, 3, 10" />
    <property name="SleeperVolumeGroup" value="S_-_Group_Hospital,4,5,S_-Group_Generic_Zombie,1,2,S_-_Group_Abandoned_House,3,4,S_-_Group_Ghost_Town,2,3,S_-_Group_Abandoned_House,4,5,S_-_Group_Zom_Badass,1,1,S_-Group_Generic_Zombie,6,7" />
    <property name="SleeperVolumeGameStageAdjust" value=",,,,,," />
    <property name="SleeperIsLootVolume" value="False,False,False,False,False,False,False" />
    <property name="EditorGroups" value="Wilderness" />
    <property name="SleeperIsBossVolume" value="False" />
    <property name="DifficultyTier" value="1" />
    <property name="QuestTags" value="clear,fetch,hidden_cache" />
    <property name="ExcludePOICulling" value="False" />
</prefab>
