<?xml version="1.0" encoding="UTF-8"?>
<prefab>
    <property name="CopyAirBlocks" value="True" />
    <property name="AllowTopSoilDecorations" value="False" />
    <property name="TraderArea" value="False" />
    <property name="ExcludeDistantPOIMesh" value="False" />
    <property name="Zoning" value="any" />
    <property name="YOffset" value="-17" />
    <property name="DistantPOIYOffset" value="0" />
    <property name="AllowedBiomes" value="plains,pine_forest,forest,desert,wasteland" />
    <property name="SleeperVolumeStart" value="1, 17, 27" />
    <property name="SleeperVolumeSize" value="60, 7, 38" />
    <property name="SleeperVolumeGroup" value="S_-Group_Generic_Zombie,8,9" />
    <property name="SleeperVolumeGameStageAdjust" value="" />
    <property name="SleeperIsLootVolume" value="False" />
    <property name="EditorGroups" value="Wilderness" />
    <property name="SleeperIsBossVolume" value="False" />
    <property name="DifficultyTier" value="1" />
    <property name="QuestTags" value="clear,fetch,hidden_cache" />
    <property name="ExcludePOICulling" value="False" />
</prefab>
