<?xml version="1.0" encoding="UTF-8"?>
<prefab>
    <property name="CopyAirBlocks" value="True"/>
    <property name="AllowTopSoilDecorations" value="True"/>
    <property name="TraderArea" value="False"/>
    <property name="ExcludeDistantPOIMesh" value="False"/>
    <property name="Zoning" value="Commercial"/>
    <property name="RotationToFaceNorth" value="2"/>
    <property name="YOffset" value="-2"/>
    <property name="DistantPOIYOffset" value="0"/>
    <property name="StaticSpawner.Size" value="64, 2, 64"/>
    <property name="AllowedBiomes" value="burnt_forest,snow,plains,pine_forest,forest,desert,wasteland"/>
    <property name="AllowedTownships" value="city,rural,town"/>
    <property name="TraderAreaProtect" value="35, 25, 35"/>
    <property name="TraderAreaTeleportSize" value="40, 30, 40"/>
    <property name="TraderAreaTeleportCenter" value="1, 1, 1"/>
</prefab>
