<?xml version="1.0" encoding="UTF-8"?>
<prefab>
    <property name="CopyAirBlocks" value="True" />
    <property name="AllowTopSoilDecorations" value="False" />
    <property name="TraderArea" value="False" />
    <property name="ExcludeDistantPOIMesh" value="False" />
    <property name="Zoning" value="any" />
    <property name="RotationToFaceNorth" value="2" />
    <property name="YOffset" value="-6" />
    <property name="DistantPOIYOffset" value="0" />
    <property name="AllowedBiomes" value="burnt_forest,snow,plains,pine_forest,forest,desert,wasteland" />
    <property name="AllowedTownships" value="city,rural,town" />
    <property name="SleeperVolumeStart" value="2, 1, 14#0, 6, 13#1, 12, 15#2, 19, 20" />
    <property name="SleeperVolumeSize" value="26, 3, 16#30, 3, 19#28, 3, 16#26, 3, 7" />
    <property name="SleeperVolumeGroup" value="S_-Group_Generic_Zombie,1,2,S_-Group_Generic_Zombie,3,4,S_-_Group_Zom_Badass,1,2,S_-_Group_Zom_Badass,1,1" />
    <property name="SleeperVolumeGameStageAdjust" value=",,," />
    <property name="SleeperIsLootVolume" value="False,False,False,False" />
    <property name="EditorGroups" value="Wilderness" />
    <property name="SleeperIsBossVolume" value="False,False,False,False" />
    <property name="DifficultyTier" value="1" />
    <property name="QuestTags" value="clear,fetch,hidden_cache" />
    <property name="ExcludePOICulling" value="False" />
</prefab>
