<?xml version="1.0" encoding="UTF-8"?>
<prefab>
    <property name="CopyAirBlocks" value="False" />
    <property name="AllowTopSoilDecorations" value="True" />
    <property name="TraderArea" value="False" />
    <property name="ExcludeDistantPOIMesh" value="False" />
    <property name="Zoning" value="ResidentialOld" />
    <property name="RotationToFaceNorth" value="1" />
    <property name="YOffset" value="-5" />
    <property name="DistantPOIYOffset" value="0" />
    <property name="AllowedBiomes" value="burnt_forest,snow,plains,pine_forest,forest,desert,wasteland" />
    <property name="AllowedTownships" value="rural,town" />
    <property name="SleeperVolumeStart" value="9, 5, 3#7, 5, 24#7, 9, 3#11, 9, 8" />
    <property name="SleeperVolumeSize" value="26, 4, 10#28, 9, 12#28, 4, 12#8, 4, 22" />
    <property name="SleeperVolumeGroup" value="S_-_Group_Abandoned_House,4,5,S_-_Group_Biker_Bar,8,9,S_Zom_Burnt,3,4,S_-Group_Generic_Zombie,2,3" />
    <property name="SleeperVolumeGameStageAdjust" value=",,," />
    <property name="SleeperIsLootVolume" value="False,False,False,True" />
    <property name="ExcludePOICulling" value="False" />
    <property name="QuestTags" value="clear,fetch,hidden_cache" />
    <property name="DifficultyTier" value="3" />
    <property name="SleeperIsBossVolume" value="False,False,False,False" />
    <property name="EditorGroups" value="house old" />
</prefab>
