<?xml version="1.0" encoding="UTF-8"?>
<prefab>
    <property name="CopyAirBlocks" value="False" />
    <property name="AllowTopSoilDecorations" value="True" />
    <property name="TraderArea" value="False" />
    <property name="ExcludeDistantPOIMesh" value="False" />
    <property name="Zoning" value="ResidentialNew,ResidentialOld" />
    <property name="YOffset" value="-2" />
    <property name="DistantPOIYOffset" value="0" />
    <property name="AllowedBiomes" value="burnt_forest,snow,plains,pine_forest,forest,desert,wasteland" />
    <property name="AllowedTownships" value="city,rural,town" />
    <property name="SleeperVolumeStart" value="16, 3, 4#10, 3, 4#10, 8, 4" />
    <property name="SleeperVolumeSize" value="11, 3, 11#6, 3, 11#17, 3, 11" />
    <property name="SleeperVolumeGroup" value="S_-_Group_Abandoned_House,3,4,S_-Group_Generic_Zombie,1,2,S_-Group_Generic_Zombie,1,1" />
    <property name="SleeperVolumeGameStageAdjust" value=",," />
    <property name="SleeperIsLootVolume" value="False,False,False" />
    <property name="ExcludePOICulling" value="False" />
    <property name="DifficultyTier" value="1" />
    <property name="SleeperIsBossVolume" value="False,False,False" />
    <property name="EditorGroups" value="Wilderness" />
</prefab>
