<?xml version="1.0" encoding="UTF-8"?>
<prefab>
    <property name="CopyAirBlocks" value="True"/>
    <property name="AllowTopSoilDecorations" value="True"/>
    <property name="TraderArea" value="False"/>
    <property name="ExcludeDistantPOIMesh" value="False"/>
    <property name="Zoning" value="ResidentialNew,ResidentialOld"/>
    <property name="RotationToFaceNorth" value="0"/>
    <property name="YOffset" value="-7"/>
    <property name="DistantPOIYOffset" value="0"/>
    <property name="StaticSpawner.Size" value="64, 2, 64"/>
    <property name="AllowedBiomes" value="snow,plains,pine_forest,forest,desert,wasteland,water"/>
    <property name="AllowedTownships" value="city,rural,town"/>
    <property name="EditorGroups" value="Wilderness" />
    <property name="DifficultyTier" value="1" />
    <property name="ExcludePOICulling" value="False" />
</prefab>
