<?xml version="1.0" encoding="UTF-8"?>
<prefab>
    <property name="AllowedTownships" value="wilderness" />
    <property name="EditorGroups" value="Wilderness" />
    <property name="YOffset" value="-1" />
    <property name="CopyAirBlocks" value="True" />
    <property name="ExcludeDistantPOIMesh" value="False" />
    <property name="ExcludePOICulling" value="False" />
    <property name="DistantPOIYOffset" value="0" />
    <property name="AllowTopSoilDecorations" value="False" />
    <property name="DifficultyTier" value="2" />
    <property name="TraderArea" value="False" />
    <property name="SleeperVolumeSize" value="98, 19, 111#98, 1, 112" />
    <property name="SleeperVolumeStart" value="1, 0, 1#1, 36, 1" />
    <property name="SleeperVolumeGroup" value="S_-Group_Generic_Zombie,90,110,S_-_Group_Biker_Bar,0,0" />
    <property name="SleeperIsLootVolume" value="True,False" />
    <property name="SleeperIsBossVolume" value="False,False" />
    <property name="QuestTags" value="clear,fetch,hidden_cache" />
</prefab>
