<?xml version="1.0" encoding="UTF-8"?>
<prefab>
    <property name="CopyAirBlocks" value="True" />
    <property name="AllowTopSoilDecorations" value="False" />
    <property name="TraderArea" value="False" />
    <property name="ExcludeDistantPOIMesh" value="False" />
    <property name="Zoning" value="Commercial" />
    <property name="RotationToFaceNorth" value="1" />
    <property name="YOffset" value="-5" />
    <property name="DistantPOIYOffset" value="0" />
    <property name="StaticSpawner.Size" value="32,2,32" />
    <property name="AllowedBiomes" value="snow,pine_forest,forest" />
    <property name="AllowedTownships" value="rural,wilderness" />
    <property name="SleeperVolumeStart" value="1, 5, 2#23, 5, 7" />
    <property name="SleeperVolumeSize" value="20, 3, 35#17, 3, 30" />
    <property name="SleeperVolumeGroup" value="S_-Group_Generic_Zombie,3,4,S_-_Group_Hospital,1,2" />
    <property name="SleeperVolumeGameStageAdjust" value="," />
    <property name="SleeperIsLootVolume" value="False,False" />
    <property name="ExcludePOICulling" value="False" />
    <property name="DifficultyTier" value="1" />
    <property name="SleeperIsBossVolume" value="False,False" />
    <property name="EditorGroups" value="Wilderness" />
    <property name="QuestTags" value="clear,fetch,hidden_cache" />
</prefab>
