<?xml version="1.0" encoding="UTF-8"?>
<prefab>
    <property name="CopyAirBlocks" value="True" />
    <property name="AllowTopSoilDecorations" value="True" />
    <property name="TraderArea" value="False" />
    <property name="ExcludeDistantPOIMesh" value="False" />
    <property name="Zoning" value="Industrial" />
    <property name="YOffset" value="-12" />
    <property name="DistantPOIYOffset" value="0" />
    <property name="StaticSpawner.Size" value="32,2,32" />
    <property name="AllowedBiomes" value="burnt_forest,snow,plains,pine_forest,forest,desert,wasteland" />
    <property name="AllowedTownships" value="rural,wilderness" />
    <property name="SleeperVolumeStart" value="1, 12, 87#31, 12, 79#52, 12, 79#1, 19, 84#67, 2, 82" />
    <property name="SleeperVolumeSize" value="30, 3, 15#21, 3, 23#50, 3, 23#30, 3, 18#25, 10, 14" />
    <property name="SleeperVolumeGroup" value="S_Zom_Utility_Worker,1,1,S_-_Group_Zom_Soldier,1,2,S_Zom_HazMat_Only,5,6,S_Zom_Businessman,3,4,S_Zom_Utility_Worker,5,6" />
    <property name="SleeperVolumeGameStageAdjust" value=",,,," />
    <property name="SleeperIsLootVolume" value="False,False,False,False,False" />
    <property name="EditorGroups" value="Wilderness" />
    <property name="SleeperIsBossVolume" value="False,False,False,False,False" />
    <property name="DifficultyTier" value="1" />
    <property name="ExcludePOICulling" value="False" />
</prefab>
