<?xml version="1.0" encoding="UTF-8"?>
<prefab>
    <property name="CopyAirBlocks" value="True" />
    <property name="AllowTopSoilDecorations" value="True" />
    <property name="TraderArea" value="False" />
    <property name="ExcludeDistantPOIMesh" value="False" />
    <property name="Zoning" value="ResidentialNew" />
    <property name="RotationToFaceNorth" value="2" />
    <property name="YOffset" value="-4" />
    <property name="DistantPOIYOffset" value="0" />
    <property name="StaticSpawner.Size" value="32,2,32" />
    <property name="AllowedBiomes" value="burnt_forest,snow,plains,pine_forest,forest,desert,wasteland" />
    <property name="AllowedTownships" value="city,town" />
    <property name="SleeperVolumeStart" value="1, 1, 1" />
    <property name="SleeperVolumeSize" value="17, 10, 16" />
    <property name="SleeperVolumeGroup" value="S_-_Group_Abandoned_House,5,6" />
    <property name="SleeperVolumeGameStageAdjust" value="" />
    <property name="SleeperIsLootVolume" value="False" />
    <property name="EditorGroups" value="Wilderness" />
    <property name="SleeperIsBossVolume" value="False" />
    <property name="DifficultyTier" value="1" />
    <property name="ExcludePOICulling" value="False" />
</prefab>
