<?xml version="1.0" encoding="UTF-8"?>
<prefab>
    <property name="CopyAirBlocks" value="True" />
    <property name="AllowTopSoilDecorations" value="True" />
    <property name="TraderArea" value="False" />
    <property name="ExcludeDistantPOIMesh" value="False" />
    <property name="Zoning" value="Commercial,Downtown,Industrial,ResidentialOld" />
    <property name="YOffset" value="-27" />
    <property name="DistantPOIYOffset" value="0" />
    <property name="AllowedBiomes" value="burnt_forest,desert,wasteland" />
    <property name="AllowedTownships" value="city,rural,town,wilderness" />
    <property name="SleeperVolumeStart" value="23, 40, 35#23, 36, 35#21, 32, 20#19, 27, 19#24, 23, 15#23, 23, 22#33, 23, 27#24, 23, 35#13, 23, 26#26, 22, 45#15, 22, 40#8, 18, 17#21, 18, 17#23, 18, 33#16, 18, 26#11, 18, 12#30, 11, 6#33, 18, 39#9, 18, 39#11, 15, 31#27, 18, 8#40, 18, 18#16, 8, 37#13, 6, 26#13, 9, 22#22, 32, 33#19, 18, 39#26, 27, 34#20, 27, 34#22, 22, 51#37, 18, 6#37, 18, 19#37, 18, 11" />
    <property name="SleeperVolumeSize" value="7, 3, 7#7, 3, 6#11, 3, 13#15, 3, 15#9, 3, 7#8, 3, 11#6, 3, 17#9, 3, 10#8, 3, 13#9, 3, 7#9, 3, 11#7, 3, 8#9, 3, 7#10, 3, 17#18, 3, 5#13, 3, 5#7, 10, 20#13, 3, 14#10, 3, 13#10, 6, 6#3, 3, 7#6, 3, 16#8, 3, 10#14, 11, 11#9, 3, 4#9, 3, 8#4, 3, 8#7, 3, 13#5, 3, 11#4, 3, 3#6, 3, 5#3, 3, 9#3, 3, 8" />
    <property name="SleeperVolumeGroup" value="S_-_Group_Zom_Badass,1,2,S_-_Group_Abandoned_House,1,1,S_Zom_HazMat_Only,2,3,S_-Group_Generic_Zombie,1,2,S_-_Group_Hospital,1,2,S_-_Group_Biker_Bar,1,2,S_ZomUtilityWorker_S,-1,-1,S_-_Group_Abandoned_House,1,1,S_-_Group_Abandoned_House,1,2,S_-_Group_Biker_Bar,2,3,S_-_Group_Ghost_Town,1,2,S_-Group_Generic_Zombie,1,2,S_-Group_Generic_Zombie,1,2,S_-_Group_Football_Stadium,2,3,S_-_Group_Abandoned_House,1,1,S_ZomSoldier_S,1,2,S_-_Group_Biker_Bar,3,4,S_-_Group_Football_Stadium,3,4,S_-_Group_Hospital,2,3,S_-_Group_Abandoned_House,1,2,S_LootRoom_XS,-1,-1,S_-_Group_Lab_Worker,3,4,S_-_Group_Zom_Badass,1,2,S_-_Group_Ghost_Town,4,5,S_-Group_Generic_Zombie,1,2,S_-_Group_Lab_Worker,1,2,S_-_Group_Zom_Badass,1,2,S_Zom_Businessman,1,1,S_-Group_Generic_Zombie,1,1,S_-_Group_Abandoned_House,1,1,S_LootRoom_XS,-1,-1,S_-Group_Generic_Zombie,1,2,S_-Group_Generic_Zombie,1,2" />
    <property name="SleeperVolumeGameStageAdjust" value="50,50,50,,,50,50,,50,50,50,50,50,100,50,50,,100,100,50,medium,100,200,100,100,50,50,,,50,,50,50" />
    <property name="SleeperIsLootVolume" value="False,False,False,False,False,False,False,False,False,False,False,False,False,False,False,False,False,False,False,False,False,False,False,False,False,False,False,False,False,False,False,False,False" />
    <property name="EditorGroups" value="Wilderness" />
    <property name="SleeperIsBossVolume" value="False" />
    <property name="DifficultyTier" value="1" />
    <property name="ExcludePOICulling" value="False" />
</prefab>
