<?xml version="1.0" encoding="UTF-8"?>
<prefab>
    <property name="CopyAirBlocks" value="False" />
    <property name="AllowTopSoilDecorations" value="True" />
    <property name="TraderArea" value="False" />
    <property name="ExcludeDistantPOIMesh" value="False" />
    <property name="Zoning" value="Commercial,Downtown,Industrial,ResidentialNew,ResidentialOld" />
    <property name="RotationToFaceNorth" value="1" />
    <property name="YOffset" value="-1" />
    <property name="AllowedBiomes" value="burnt_forest,snow,plains,pine_forest,forest,desert,wasteland" />
    <property name="AllowedTownships" value="city,rural,town" />
    <property name="SleeperVolumeStart" value="1, 1, 26#1, 1, 13#1, 1, 1" />
    <property name="SleeperVolumeSize" value="29, 3, 14#29, 3, 13#29, 3, 12" />
    <property name="SleeperVolumeGroup" value="S_-_Group_Biker_Bar,2,3,S_-Group_Generic_Zombie,3,4,S_-_Group_Zom_Soldier,1,2" />
    <property name="SleeperVolumeGameStageAdjust" value=",," />
    <property name="SleeperIsLootVolume" value="False,False,False" />
    <property name="EditorGroups" value="Wilderness" />
    <property name="SleeperIsBossVolume" value="False,False,False" />
    <property name="DifficultyTier" value="1" />
    <property name="ExcludePOICulling" value="False" />
    <property name="DistantPOIYOffset" value="0" />
</prefab>
