<?xml version="1.0" encoding="UTF-8"?>
<prefab>
    <property name="CopyAirBlocks" value="True" />
    <property name="AllowTopSoilDecorations" value="False" />
    <property name="TraderArea" value="False" />
    <property name="ExcludeDistantPOIMesh" value="False" />
    <property name="Zoning" value="Downtown,ResidentialNew,ResidentialOld" />
    <property name="RotationToFaceNorth" value="1" />
    <property name="YOffset" value="-8" />
    <property name="DistantPOIYOffset" value="0" />
    <property name="StaticSpawner.Size" value="32,2,32" />
    <property name="AllowedBiomes" value="burnt_forest,snow,plains,pine_forest,forest,desert,wasteland" />
    <property name="AllowedTownships" value="city,town" />
    <property name="SleeperVolumeStart" value="1, 1, 1#1, 8, 1#1, 14, 1#10, 19, 2#10, 24, 2#10, 29, 2#10, 34, 2#10, 42, 2" />
    <property name="SleeperVolumeSize" value="43, 6, 43#43, 3, 43#43, 3, 43#34, 3, 41#34, 3, 41#34, 3, 41#34, 6, 41#34, 3, 41" />
    <property name="SleeperVolumeGroup" value="S_-_Group_Biker_Bar,8,9,S_Zom_Businessman,8,9,S_Zom_Businessman,8,9,S_-Group_Generic_Zombie,9,10,S_Zom_HazMat_Only,5,6,S_-Group_Generic_Zombie,9,10,S_-_Group_Abandoned_House,8,9,S_-Group_Generic_Zombie,5,6" />
    <property name="SleeperVolumeGameStageAdjust" value=",,,,,,," />
    <property name="SleeperIsLootVolume" value="False,False,False,True,False,False,False,False" />
    <property name="EditorGroups" value="Wilderness" />
    <property name="SleeperIsBossVolume" value="False,False,False,False,False,False,False,False" />
    <property name="DifficultyTier" value="1" />
    <property name="ExcludePOICulling" value="False" />
</prefab>
