<?xml version="1.0" encoding="UTF-8"?>
<prefab>
    <property name="CopyAirBlocks" value="False" />
    <property name="AllowTopSoilDecorations" value="True" />
    <property name="TraderArea" value="False" />
    <property name="ExcludeDistantPOIMesh" value="False" />
    <property name="Zoning" value="Commercial,Industrial" />
    <property name="RotationToFaceNorth" value="3" />
    <property name="YOffset" value="-10" />
    <property name="DistantPOIYOffset" value="0" />
    <property name="AllowedBiomes" value="burnt_forest,plains,desert,wasteland" />
    <property name="SleeperVolumeStart" value="0, 10, 0#14, 15, 1#20, 29, 19" />
    <property name="SleeperVolumeSize" value="40, 3, 55#25, 5, 53#13, 16, 14" />
    <property name="SleeperVolumeGroup" value="S_Zom_Utility_Worker,1,2,S_-_Group_Zom_Soldier,8,9,S_Zom_HazMat_Only,4,5" />
    <property name="SleeperVolumeGameStageAdjust" value=",," />
    <property name="SleeperIsLootVolume" value="False,False,False" />
    <property name="EditorGroups" value="Wilderness" />
    <property name="SleeperIsBossVolume" value="False" />
    <property name="DifficultyTier" value="1" />
    <property name="QuestTags" value="clear,fetch,hidden_cache" />
    <property name="ExcludePOICulling" value="False" />
</prefab>
