<?xml version="1.0" encoding="UTF-8"?>
<prefab>
    <property name="CopyAirBlocks" value="False" />
    <property name="AllowTopSoilDecorations" value="True" />
    <property name="TraderArea" value="False" />
    <property name="ExcludeDistantPOIMesh" value="False" />
    <property name="Zoning" value="ResidentialNew" />
    <property name="RotationToFaceNorth" value="3" />
    <property name="YOffset" value="-5" />
    <property name="DistantPOIYOffset" value="0" />
    <property name="StaticSpawner.Size" value="32,2,32" />
    <property name="AllowedBiomes" value="burnt_forest,snow,plains,pine_forest,forest,desert,wasteland" />
    <property name="AllowedTownships" value="rural,town" />
    <property name="SleeperVolumeStart" value="14, 6, 2#27, 10, 9" />
    <property name="SleeperVolumeSize" value="20, 4, 20#4, 3, 12" />
    <property name="SleeperVolumeGroup" value="S_-_Group_Abandoned_House,4,5,S_-_Group_Zom_Badass,1,2" />
    <property name="SleeperVolumeGameStageAdjust" value="," />
    <property name="SleeperIsLootVolume" value="False,False" />
    <property name="EditorGroups" value="Wilderness" />
    <property name="SleeperIsBossVolume" value="False,False" />
    <property name="DifficultyTier" value="1" />
    <property name="QuestTags" value="clear,fetch,hidden_cache" />
    <property name="ExcludePOICulling" value="False" />
</prefab>
