<?xml version="1.0" encoding="UTF-8"?>
<prefab>
    <property name="CopyAirBlocks" value="False" />
    <property name="AllowTopSoilDecorations" value="True" />
    <property name="TraderArea" value="False" />
    <property name="ExcludeDistantPOIMesh" value="False" />
    <property name="Zoning" value="Commercial" />
    <property name="RotationToFaceNorth" value="2" />
    <property name="YOffset" value="-1" />
    <property name="DistantPOIYOffset" value="0" />
    <property name="AllowedBiomes" value="burnt_forest,snow,plains,pine_forest,forest,desert,wasteland" />
    <property name="AllowedTownships" value="city" />
    <property name="SleeperVolumeStart" value="3, 1, 9#11, 1, 12#20, 1, 15#29, 1, 12" />
    <property name="SleeperVolumeSize" value="8, 6, 28#9, 6, 25#9, 6, 23#14, 6, 25" />
    <property name="SleeperVolumeGroup" value="S_-_Group_Hospital,2,3,S_-Group_Generic_Zombie,3,4,S_-_Group_Biker_Bar,2,3,S_-Group_Generic_Zombie,3,4" />
    <property name="SleeperVolumeGameStageAdjust" value=",,," />
    <property name="SleeperIsLootVolume" value="False,False,False,False" />
    <property name="DifficultyTier" value="1" />
    <property name="SleeperIsBossVolume" value="False,False,False,False" />
    <property name="EditorGroups" value="Wilderness" />
    <property name="QuestTags" value="clear,fetch,hidden_cache" />
    <property name="ExcludePOICulling" value="False" />
</prefab>
