<?xml version="1.0" encoding="UTF-8"?>
<prefab>
    <property name="CopyAirBlocks" value="False" />
    <property name="AllowTopSoilDecorations" value="True" />
    <property name="TraderArea" value="False" />
    <property name="ExcludeDistantPOIMesh" value="False" />
    <property name="Zoning" value="Commercial,Industrial,ResidentialNew,ResidentialOld" />
    <property name="RotationToFaceNorth" value="2" />
    <property name="YOffset" value="-5" />
    <property name="DistantPOIYOffset" value="0" />
    <property name="StaticSpawner.Size" value="32,2,32" />
    <property name="AllowedBiomes" value="burnt_forest,snow,plains,pine_forest,forest,desert,wasteland" />
    <property name="AllowedTownships" value="city,town" />
    <property name="SleeperVolumeStart" value="3, 6, 10#3, 10, 10#3, 14, 10" />
    <property name="SleeperVolumeSize" value="27, 3, 20#27, 3, 20#28, 3, 20" />
    <property name="SleeperVolumeGroup" value="S_-Group_Generic_Zombie,6,7,S_-_Group_Football_Stadium,7,8,S_Zom_HazMat_Only,4,5" />
    <property name="SleeperVolumeGameStageAdjust" value=",," />
    <property name="SleeperIsLootVolume" value="False,False,False" />
    <property name="ExcludePOICulling" value="False" />
    <property name="DifficultyTier" value="1" />
    <property name="SleeperIsBossVolume" value="False,False,False" />
    <property name="EditorGroups" value="Wilderness" />
    <property name="QuestTags" value="clear,fetch,hidden_cache" />
</prefab>
