<?xml version="1.0" encoding="UTF-8"?>
<prefab>
    <property name="CopyAirBlocks" value="True" />
    <property name="AllowTopSoilDecorations" value="True" />
    <property name="TraderArea" value="False" />
    <property name="ExcludeDistantPOIMesh" value="False" />
    <property name="Zoning" value="Commercial,Industrial,ResidentialNew,ResidentialOld" />
    <property name="RotationToFaceNorth" value="2" />
    <property name="YOffset" value="-6" />
    <property name="DistantPOIYOffset" value="0" />
    <property name="AllowedBiomes" value="burnt_forest,snow,plains,pine_forest,forest,desert,wasteland" />
    <property name="AllowedTownships" value="rural,wilderness" />
    <property name="SleeperVolumeStart" value="57, 2, 11#19, 2, 11#46, 6, 4#37, 6, 6#17, 6, 6#59, 6, 11#51, 11, 5" />
    <property name="SleeperVolumeSize" value="52, 5, 22#51, 3, 16#18, 3, 14#14, 3, 21#25, 3, 21#13, 3, 16#12, 5, 15" />
    <property name="SleeperVolumeGroup" value="S_-Group_Generic_Zombie,9,10,S_-Group_Generic_Zombie,9,10,S_-Group_Generic_Zombie,1,2,S_-_Group_Zom_Badass,1,1,S_-_Group_Football_Stadium,4,5,S_Zom_Utility_Worker,3,4,S_Zom_Businessman,3,4" />
    <property name="SleeperVolumeGameStageAdjust" value="hard,1000,,,hard,hard,hard" />
    <property name="SleeperIsLootVolume" value="False,False,False,False,False,False,False" />
    <property name="EditorGroups" value="Wilderness" />
    <property name="SleeperIsBossVolume" value="False" />
    <property name="DifficultyTier" value="1" />
    <property name="ExcludePOICulling" value="False" />
</prefab>
