<?xml version="1.0" encoding="UTF-8"?>
<prefab>
    <property name="CopyAirBlocks" value="True" />
    <property name="AllowTopSoilDecorations" value="False" />
    <property name="TraderArea" value="False" />
    <property name="ExcludeDistantPOIMesh" value="False" />
    <property name="Zoning" value="Commercial,Downtown,ResidentialNew,ResidentialOld" />
    <property name="YOffset" value="-4" />
    <property name="DistantPOIYOffset" value="0" />
    <property name="StaticSpawner.Size" value="32,2,32" />
    <property name="AllowedBiomes" value="burnt_forest,snow,plains,pine_forest,forest,desert,wasteland" />
    <property name="AllowedTownships" value="city,town" />
    <property name="SleeperVolumeStart" value="19, 1, 9#35, 1, 9#8, 1, 11#40, 5, 12#18, 5, 10#11, 5, 8#18, 10, 11#16, 10, 9#7, 10, 8#8, 15, 9#30, 15, 13#40, 15, 15#33, 15, 9#6, 19, 6" />
    <property name="SleeperVolumeSize" value="16, 3, 15#10, 3, 15#10, 3, 13#6, 3, 13#22, 3, 16#7, 3, 5#12, 4, 13#18, 4, 5#8, 3, 16#6, 4, 15#10, 3, 11#5, 3, 9#13, 3, 5#41, 5, 20" />
    <property name="SleeperVolumeGroup" value="S_-_Group_Biker_Bar,6,7,S_-Group_Generic_Zombie,1,2,S_-_Group_Abandoned_House,1,1,S_Zom_Businessman,1,2,S_-Group_Generic_Zombie,5,6,S_-Group_Generic_Zombie,1,1,S_Zom_HazMat_Only,1,2,S_-Group_Generic_Zombie,1,1,S_-Group_Generic_Zombie,1,1,S_-_Group_Zom_Badass,1,1,S_-_Group_Abandoned_House,1,1,S_Default_XL,-1,-1,S_-_Group_Zom_Badass,1,1,S_-_Group_Football_Stadium,2,3" />
    <property name="SleeperVolumeGameStageAdjust" value=",,,,,,,,,,,,," />
    <property name="SleeperIsLootVolume" value="False,False,False,False,False,False,False,False,False,False,False,False,False,False" />
    <property name="EditorGroups" value="Wilderness" />
    <property name="SleeperIsBossVolume" value="False,False,False,False,False,False,False,False,False,False,False,False,False,False" />
    <property name="DifficultyTier" value="1" />
    <property name="ExcludePOICulling" value="False" />
</prefab>
