<?xml version="1.0" encoding="UTF-8"?>
<prefab>
    <property name="CopyAirBlocks" value="True" />
    <property name="AllowTopSoilDecorations" value="True" />
    <property name="TraderArea" value="False" />
    <property name="ExcludeDistantPOIMesh" value="False" />
    <property name="Zoning" value="ResidentialNew" />
    <property name="YOffset" value="-6" />
    <property name="DistantPOIYOffset" value="0" />
    <property name="AllowedBiomes" value="burnt_forest,snow,plains,pine_forest,forest,desert,wasteland" />
    <property name="AllowedTownships" value="city,rural,town" />
    <property name="SleeperVolumeStart" value="0, 5, 1#28, 19, 36#6, 19, 36#17, 13, 29#33, 13, 35#33, 13, 29#6, 13, 29#17, 7, 21#33, 7, 24#5, 7, 30#5, 7, 24" />
    <property name="SleeperVolumeSize" value="51, 4, 26#17, 3, 4#18, 3, 4#17, 3, 15#12, 3, 5#12, 3, 5#12, 3, 11#17, 3, 26#13, 3, 17#13, 3, 11#13, 3, 5" />
    <property name="SleeperVolumeGroup" value="S_-Group_Generic_Zombie,8,9,S_-_Group_Lab_Worker,1,1,S_-_Group_Zom_Badass,1,1,S_-_Group_Ghost_Town,1,2,S_-Group_Generic_Zombie,1,1,S_-_Group_Zom_Soldier,1,1,S_-_Group_Biker_Bar,3,4,S_Zom_Businessman,2,3,S_-_Group_Abandoned_House,4,5,S_-_Group_Zom_Badass,1,1,S_-_Group_Abandoned_House,2,3" />
    <property name="SleeperVolumeGameStageAdjust" value=",,,,,,,,,," />
    <property name="SleeperIsLootVolume" value="False,False,False,False,False,False,False,False,False,False,False" />
    <property name="ExcludePOICulling" value="False" />
    <property name="DifficultyTier" value="1" />
    <property name="SleeperIsBossVolume" value="False,False,False,False,False,False,False,False,False,False,False" />
    <property name="EditorGroups" value="Wilderness" />
    <property name="QuestTags" value="clear,fetch,hidden_cache" />
</prefab>
