<?xml version="1.0" encoding="UTF-8"?>
<prefab>
    <property name="CopyAirBlocks" value="False" />
    <property name="AllowTopSoilDecorations" value="True" />
    <property name="TraderArea" value="False" />
    <property name="ExcludeDistantPOIMesh" value="False" />
    <property name="Zoning" value="Commercial,Industrial" />
    <property name="YOffset" value="-1" />
    <property name="DistantPOIYOffset" value="0" />
    <property name="AllowedBiomes" value="burnt_forest,snow,plains,pine_forest,forest,desert,wasteland" />
    <property name="AllowedTownships" value="city,rural,town,wilderness" />
    <property name="SleeperVolumeStart" value="0, 0, 5#0, 0, 29#0, 0, 0#19, 0, 6#17, 0, 27#31, 0, 4#2, 1, 17#2, 5, 17#1, 12, 15" />
    <property name="SleeperVolumeSize" value="18, 11, 24#6, 11, 11#41, 11, 28#7, 11, 34#30, 11, 13#19, 11, 35#16, 5, 18#28, 8, 18#49, 7, 21" />
    <property name="SleeperVolumeGroup" value="S_Default_Med,-1,-1,S_-_Group_Biker_Bar,2,3,S_-Group_Generic_Zombie,9,10,S_-_Group_Zom_Soldier,6,7,S_-_Group_Abandoned_House,9,10,S_-_Group_Abandoned_House,9,10,S_-Group_Generic_Zombie,4,5,S_-_Group_Zom_Soldier,7,8,S_-_Group_Abandoned_House,2,3" />
    <property name="SleeperVolumeGameStageAdjust" value=",,,,,,,," />
    <property name="SleeperIsLootVolume" value="False,False,False,False,False,False,False,False,False" />
    <property name="EditorGroups" value="Wilderness" />
    <property name="SleeperIsBossVolume" value="False,False,False,False,False,False,False,False,False" />
    <property name="DifficultyTier" value="1" />
    <property name="ExcludePOICulling" value="False" />
</prefab>
