<?xml version="1.0" encoding="UTF-8"?>
<prefab>
    <property name="CopyAirBlocks" value="False" />
    <property name="AllowTopSoilDecorations" value="True" />
    <property name="TraderArea" value="False" />
    <property name="ExcludeDistantPOIMesh" value="False" />
    <property name="Zoning" value="Commercial" />
    <property name="RotationToFaceNorth" value="2" />
    <property name="YOffset" value="-10" />
    <property name="DistantPOIYOffset" value="0" />
    <property name="AllowedBiomes" value="burnt_forest,plains,desert" />
    <property name="AllowedTownships" value="rural" />
    <property name="SleeperVolumeStart" value="10, 13, 49" />
    <property name="SleeperVolumeSize" value="35, 3, 15" />
    <property name="SleeperVolumeGroup" value="S_-_Group_Football_Stadium,5,6" />
    <property name="SleeperVolumeGameStageAdjust" value="" />
    <property name="SleeperIsLootVolume" value="False" />
    <property name="EditorGroups" value="Wilderness" />
    <property name="SleeperIsBossVolume" value="False" />
    <property name="DifficultyTier" value="1" />
    <property name="QuestTags" value="clear,fetch,hidden_cache" />
    <property name="ExcludePOICulling" value="False" />
</prefab>
