<?xml version="1.0" encoding="UTF-8"?>
<prefab>
    <property name="CopyAirBlocks" value="True" />
    <property name="AllowTopSoilDecorations" value="True" />
    <property name="TraderArea" value="False" />
    <property name="ExcludeDistantPOIMesh" value="False" />
    <property name="Zoning" value="any" />
    <property name="RotationToFaceNorth" value="1" />
    <property name="YOffset" value="-5" />
    <property name="DistantPOIYOffset" value="0" />
    <property name="AllowedBiomes" value="burnt_forest,snow,plains,pine_forest,forest,desert,wasteland" />
    <property name="AllowedTownships" value="city,rural,town" />
    <property name="SleeperVolumeStart" value="15, 5, 23#18, 1, 15#19, 1, 7#19, 1, 1#17, 5, 1" />
    <property name="SleeperVolumeSize" value="29, 3, 20#20, 3, 6#18, 3, 8#19, 3, 6#22, 3, 22" />
    <property name="SleeperVolumeGroup" value="S_Zom_Utility_Worker,4,5,S_Zom_Utility_Worker,1,1,S_-_Group_Zom_Badass,1,1,S_Zom_Utility_Worker,1,2,S_-Group_Generic_Zombie,6,7" />
    <property name="SleeperVolumeGameStageAdjust" value=",,,," />
    <property name="SleeperIsLootVolume" value="False,False,False,False,False" />
    <property name="EditorGroups" value="Wilderness" />
    <property name="SleeperIsBossVolume" value="False" />
    <property name="DifficultyTier" value="1" />
    <property name="QuestTags" value="clear,fetch,hidden_cache" />
    <property name="ExcludePOICulling" value="False" />
</prefab>
