<?xml version="1.0" encoding="UTF-8"?>
<prefab>
    <property name="CopyAirBlocks" value="False" />
    <property name="AllowTopSoilDecorations" value="True" />
    <property name="TraderArea" value="False" />
    <property name="ExcludeDistantPOIMesh" value="False" />
    <property name="Zoning" value="Commercial,Downtown" />
    <property name="YOffset" value="-1" />
    <property name="DistantPOIYOffset" value="-1" />
    <property name="AllowedBiomes" value="burnt_forest,snow,plains,pine_forest,forest,desert,wasteland" />
    <property name="AllowedTownships" value="city,rural,town" />
    <property name="SleeperVolumeStart" value="9, 1, 30#1, 1, 46#35, 1, 6#9, 1, 6#3, 5, 2" />
    <property name="SleeperVolumeSize" value="54, 3, 15#69, 3, 29#28, 3, 24#29, 3, 24#65, 3, 47" />
    <property name="SleeperVolumeGroup" value="S_-_Group_Abandoned_House,5,6,S_-Group_Generic_Zombie,1,2,S_Zom_HazMat_Only,1,2,S_-_Group_Lab_Worker,3,4,S_Zom_HazMat_Only,4,5" />
    <property name="SleeperVolumeGameStageAdjust" value=",,,," />
    <property name="SleeperIsLootVolume" value="False,False,False,False,False" />
    <property name="EditorGroups" value="Wilderness" />
    <property name="SleeperIsBossVolume" value="False" />
    <property name="DifficultyTier" value="1" />
    <property name="QuestTags" value="clear,fetch,hidden_cache" />
    <property name="ExcludePOICulling" value="False" />
</prefab>
