<?xml version="1.0" encoding="UTF-8"?>
<prefab>
    <property name="CopyAirBlocks" value="False" />
    <property name="AllowTopSoilDecorations" value="True" />
    <property name="TraderArea" value="False" />
    <property name="ExcludeDistantPOIMesh" value="False" />
    <property name="Zoning" value="any" />
    <property name="DistantPOIYOffset" value="0" />
    <property name="AllowedBiomes" value="burnt_forest,snow,plains,desert,wasteland" />
    <property name="SleeperVolumeStart" value="0, 0, 0#10, 0, 0#22, 0, 0#35, 0, 0#49, 0, 0#63, 0, 0#86, 0, 0" />
    <property name="SleeperVolumeSize" value="14, 3, 10#15, 3, 10#17, 3, 10#20, 3, 10#19, 3, 10#27, 3, 10#15, 3, 10" />
    <property name="SleeperVolumeGroup" value="S_-Group_Generic_Zombie,1,2,S_-_Group_Zom_Badass,1,1,S_-_Group_Ghost_Town,4,5,S_-Group_Generic_Zombie,2,3,S_Zom_HazMat_Only,2,3,S_Zom_Utility_Worker,8,9,S_-_Group_Abandoned_House,2,3" />
    <property name="SleeperVolumeGameStageAdjust" value=",,,,,," />
    <property name="SleeperIsLootVolume" value="False,False,False,False,False,False,False" />
    <property name="EditorGroups" value="Wilderness" />
    <property name="SleeperIsBossVolume" value="False" />
    <property name="DifficultyTier" value="1" />
    <property name="ExcludePOICulling" value="False" />
</prefab>
