<?xml version="1.0" encoding="UTF-8"?>
<prefab>
    <property name="CopyAirBlocks" value="True" />
    <property name="AllowTopSoilDecorations" value="False" />
    <property name="TraderArea" value="False" />
    <property name="ExcludeDistantPOIMesh" value="False" />
    <property name="Zoning" value="Commercial,Downtown,Industrial,ResidentialNew,ResidentialOld" />
    <property name="RotationToFaceNorth" value="1" />
    <property name="YOffset" value="-10" />
    <property name="AllowedBiomes" value="burnt_forest,snow,plains,pine_forest,forest,desert,wasteland" />
    <property name="AllowedTownships" value="city,rural,town,wilderness" />
    <property name="SleeperVolumeStart" value="2, 4, 8#12, 11, 40#28, 9, 1#12, 11, 22#12, 11, 1#47, 4, 1#13, 4, 1#4, 4, 27" />
    <property name="SleeperVolumeSize" value="11, 3, 19#15, 3, 12#43, 5, 51#16, 3, 18#16, 3, 21#23, 3, 49#34, 3, 26#21, 3, 21" />
    <property name="SleeperVolumeGroup" value="S_-_Group_Football_Stadium,2,3,S_Zom_HazMat_Only,1,1,S_-Group_Generic_Zombie,7,8,S_Zom_Utility_Worker,2,3,S_-Group_Generic_Zombie,4,5,S_-_Group_Zom_Badass,1,2,S_-_Group_Zom_Soldier,4,5,S_Zom_Utility_Worker,2,3" />
    <property name="SleeperVolumeGameStageAdjust" value=",,,,,,," />
    <property name="SleeperIsLootVolume" value="False,False,False,False,False,False,False,False" />
    <property name="DistantPOIYOffset" value="0" />
    <property name="EditorGroups" value="Wilderness" />
    <property name="SleeperIsBossVolume" value="False" />
    <property name="DifficultyTier" value="1" />
    <property name="QuestTags" value="clear,fetch,hidden_cache" />
    <property name="ExcludePOICulling" value="False" />
</prefab>
