<?xml version="1.0" encoding="UTF-8"?>
<prefab>
    <property name="CopyAirBlocks" value="False" />
    <property name="AllowTopSoilDecorations" value="True" />
    <property name="TraderArea" value="False" />
    <property name="ExcludeDistantPOIMesh" value="False" />
    <property name="Zoning" value="Commercial" />
    <property name="RotationToFaceNorth" value="1" />
    <property name="YOffset" value="-6" />
    <property name="DistantPOIYOffset" value="0" />
    <property name="AllowedBiomes" value="snow,pine_forest,forest" />
    <property name="AllowedTownships" value="rural,town,wilderness" />
    <property name="SleeperVolumeStart" value="1, 6, 7#16, 6, 2#9, 6, 2" />
    <property name="SleeperVolumeSize" value="33, 4, 22#17, 3, 5#6, 3, 5" />
    <property name="SleeperVolumeGroup" value="S_-Group_Generic_Zombie,8,9,S_Zom_Businessman,1,2,S_-_Group_Zom_Badass,1,1" />
    <property name="SleeperVolumeGameStageAdjust" value=",," />
    <property name="SleeperIsLootVolume" value="False,False,False" />
    <property name="EditorGroups" value="Wilderness" />
    <property name="SleeperIsBossVolume" value="False" />
    <property name="DifficultyTier" value="1" />
    <property name="QuestTags" value="clear,fetch,hidden_cache" />
    <property name="ExcludePOICulling" value="False" />
</prefab>
