<configs>
	<!-- This will log as a WRN for not able to remove -->
	<!-- This is done on purpose to have a log entry showing this file was read -->
	<remove xpath="/Successfully_Loaded[@modname='RELXIX_UI_SkillP1_SkillPointsTopLeft'][@version='1.0.3'][@filename='\Config\XUi\windows.xml']" />

	<!-- New Window -->
	<append xpath="/windows" >
		<!--ui_game_symbol_trophy , sprite="ui_game_symbol_shopping_cart" , sprite="ui_game_symbol_skills"-->
		<!-- R.E. LXIX --> <!-- Window that displays skillpoints available.  Note: does not update real-time only on GUI change events that cause the window to refresh -->
		
		<window name="window_RELXIXUI_skillPointsTopLeft" width="603" height="24" depth="2" anchor="LeftTop" pos="1,-1" controller="ToolbeltWindow" visible="{toolbeltvisible}">
			<sprite name="sprite_skillPointsBackground" depth="0" pos="0,2" width="32" height="35" type="sliced" fillcenter="true" color="0,0,0,128" sprite="ui_game_header_fill" />
			<!--color="222,206,163,255"-->
			<rect name="rect_skillPoints" controller="SkillListWindow" pos="0,25">
				<sprite name="sprite_skillPointsCart" depth="2" pos="-1,-25" style="icon32px" sprite="ui_game_symbol_shopping_cart"/>
				<sprite name="sprite_skillPointsCartFill" depth="3" pos="2,-26" height="18" width="21" color="0,0,0" />
				<label name="label_skillPointsSkillPoints" pos="-142, -23" depth="4" width="300" text="{skillpointsavailable}" font_size="24" color="255,96,96,255" justify="left" effect="outline" />
				<!-- Hacy workaround, move below elements way offscreen we don't need or want but the controller requires -->
					<rect name="rect_skillPointsGetLost" pos="99999,99999">
						<panel name="content" pos="0,0" height="1" width="1" depth="1" disableautobackground="true">
							<panel depth="2" pos="0,0" height="1" width="1"  disableautobackground="true" controller="Paging">
								<button depth="4" name="pageDown" style="icon22px, press" pos="0,0" height="1" width="1" sprite="ui_game_symbol_arrow_left" pivot="center" sound="[paging_click]"/>
								<button depth="4" name="pageUp" style="icon22px, press" pos="0,0" height="1" width="1" sprite="ui_game_symbol_arrow_right" pivot="center" sound="[paging_click]"/>
							</panel>
							<grid name="skills" rows="1" cols="1" pos="0,0" cell_width="1" cell_height="1" controller="SkillList" repeat_content="true" arrangement="vertical" >
								<skill_entry name="0" />
							</grid>
						</panel>
					</rect>	
				<!-- Hacy workaround, move above elements way offscreen we don't need or want but the controller requires -->
			</rect>
		</window>
	</append>
</configs>
